Model,Accuracy,Macro F1,Weighted F1
Logistic Regression,0.6941489361702128,0.6803004870479209,0.6961643269640804
SVM (RBF),0.7154255319148937,0.7155732967283484,0.727542789446275
Decision Tree,0.7287234042553191,0.737335672697695,0.7513872940753802
Random Forest,0.7340425531914894,0.7450453420058613,0.7551707920511749
XGBoost,0.723404255319149,0.7170143472720545,0.7260742336514963
